Task_ID,Department,Corridor,Date,Attempt_Type,Window,Start_Time,End_Time,Duration_Mins,Status,Violations,Train_Conflicts,Passed_Checks
M-ENG-01,Engineering,C101,2026-09-01,REQUESTED_WINDOW,10:00-12:00,10:00,12:00,120,CONFLICT REJECTED,"COA Availability Check Failed: Corridor C101 is not open during 10:00-12:00 (COA available: 13:00-16:00) | Timetable Conflict: Intersects Passenger Train P101 (Express Passenger, 10:30-11:00) on corridor C101 | Safety Hard Constraint: Safety-critical task cannot proceed during active train pathing","Passenger Train P101 (Express Passenger, 10:30-11:00)",No goods train conflict (forecast clear) | No conflict with existing approved blocks | Duration satisfied (120m >= 120m) | Required teams and resources available
M-ENG-01,Engineering,C101,2026-09-01,FALLBACK_SLOT_1,10:30-12:30,10:30,12:30,120,CONFLICT REJECTED,"COA Availability Check Failed: Corridor C101 is not open during 10:30-12:30 (COA available: 13:00-16:00) | Timetable Conflict: Intersects Passenger Train P101 (Express Passenger, 10:30-11:00) on corridor C101 | Goods Forecast Conflict: Intersects Goods Train G201 (Freight, 12:00-12:30, prob=95%) on corridor C101 | Safety Hard Constraint: Safety-critical task cannot proceed during active train pathing","Passenger Train P101 (Express Passenger, 10:30-11:00) | Goods Train G201 (Freight, 12:00-12:30, prob=95%)",No conflict with existing approved blocks | Duration satisfied (120m >= 120m) | Required teams and resources available
M-ENG-01,Engineering,C101,2026-09-01,FALLBACK_SLOT_2,11:00-13:00,11:00,13:00,120,CONFLICT REJECTED,"COA Availability Check Failed: Corridor C101 is not open during 11:00-13:00 (COA available: 13:00-16:00) | Goods Forecast Conflict: Intersects Goods Train G201 (Freight, 12:00-12:30, prob=95%) on corridor C101 | Safety Hard Constraint: Safety-critical task cannot proceed during active train pathing","Goods Train G201 (Freight, 12:00-12:30, prob=95%)",No passenger train conflict | No conflict with existing approved blocks | Duration satisfied (120m >= 120m) | Required teams and resources available
M-ENG-01,Engineering,C101,2026-09-01,FALLBACK_SLOT_3,11:30-13:30,11:30,13:30,120,CONFLICT REJECTED,"COA Availability Check Failed: Corridor C101 is not open during 11:30-13:30 (COA available: 13:00-16:00) | Goods Forecast Conflict: Intersects Goods Train G201 (Freight, 12:00-12:30, prob=95%) on corridor C101 | Safety Hard Constraint: Safety-critical task cannot proceed during active train pathing","Goods Train G201 (Freight, 12:00-12:30, prob=95%)",No passenger train conflict | No conflict with existing approved blocks | Duration satisfied (120m >= 120m) | Required teams and resources available
M-ENG-01,Engineering,C101,2026-09-01,FALLBACK_SLOT_4,12:00-14:00,12:00,14:00,120,CONFLICT REJECTED,"COA Availability Check Failed: Corridor C101 is not open during 12:00-14:00 (COA available: 13:00-16:00) | Goods Forecast Conflict: Intersects Goods Train G201 (Freight, 12:00-12:30, prob=95%) on corridor C101 | Safety Hard Constraint: Safety-critical task cannot proceed during active train pathing","Goods Train G201 (Freight, 12:00-12:30, prob=95%)",No passenger train conflict | No conflict with existing approved blocks | Duration satisfied (120m >= 120m) | Required teams and resources available
M-ENG-01,Engineering,C101,2026-09-01,FALLBACK_SLOT_5,12:30-14:30,12:30,14:30,120,CONFLICT REJECTED,COA Availability Check Failed: Corridor C101 is not open during 12:30-14:30 (COA available: 13:00-16:00),None,No passenger train conflict | No goods train conflict (forecast clear) | No conflict with existing approved blocks | Duration satisfied (120m >= 120m) | Required teams and resources available | Safety constraints satisfied
M-ENG-01,Engineering,C101,2026-09-01,FALLBACK_SLOT_6,13:00-15:00,13:00,15:00,120,FEASIBLE,None,None,Corridor available in COA | No passenger train conflict | No goods train conflict (forecast clear) | No conflict with existing approved blocks | Duration satisfied (120m >= 120m) | Required teams and resources available | Safety constraints satisfied
M-SNT-01,S&T,C101,2026-09-01,REQUESTED_WINDOW,10:00-11:30,10:00,11:30,90,CONFLICT REJECTED,"COA Availability Check Failed: Corridor C101 is not open during 10:00-11:30 (COA available: 13:00-16:00) | Timetable Conflict: Intersects Passenger Train P101 (Express Passenger, 10:30-11:00) on corridor C101 | Safety Hard Constraint: Safety-critical task cannot proceed during active train pathing","Passenger Train P101 (Express Passenger, 10:30-11:00)",No goods train conflict (forecast clear) | No conflict with existing approved blocks | Duration satisfied (90m >= 90m) | Required teams and resources available
M-SNT-01,S&T,C101,2026-09-01,FALLBACK_SLOT_1,10:30-12:00,10:30,12:00,90,CONFLICT REJECTED,"COA Availability Check Failed: Corridor C101 is not open during 10:30-12:00 (COA available: 13:00-16:00) | Timetable Conflict: Intersects Passenger Train P101 (Express Passenger, 10:30-11:00) on corridor C101 | Safety Hard Constraint: Safety-critical task cannot proceed during active train pathing","Passenger Train P101 (Express Passenger, 10:30-11:00)",No goods train conflict (forecast clear) | No conflict with existing approved blocks | Duration satisfied (90m >= 90m) | Required teams and resources available
M-SNT-01,S&T,C101,2026-09-01,FALLBACK_SLOT_2,11:00-12:30,11:00,12:30,90,CONFLICT REJECTED,"COA Availability Check Failed: Corridor C101 is not open during 11:00-12:30 (COA available: 13:00-16:00) | Goods Forecast Conflict: Intersects Goods Train G201 (Freight, 12:00-12:30, prob=95%) on corridor C101 | Safety Hard Constraint: Safety-critical task cannot proceed during active train pathing","Goods Train G201 (Freight, 12:00-12:30, prob=95%)",No passenger train conflict | No conflict with existing approved blocks | Duration satisfied (90m >= 90m) | Required teams and resources available
M-SNT-01,S&T,C101,2026-09-01,FALLBACK_SLOT_3,11:30-13:00,11:30,13:00,90,CONFLICT REJECTED,"COA Availability Check Failed: Corridor C101 is not open during 11:30-13:00 (COA available: 13:00-16:00) | Goods Forecast Conflict: Intersects Goods Train G201 (Freight, 12:00-12:30, prob=95%) on corridor C101 | Safety Hard Constraint: Safety-critical task cannot proceed during active train pathing","Goods Train G201 (Freight, 12:00-12:30, prob=95%)",No passenger train conflict | No conflict with existing approved blocks | Duration satisfied (90m >= 90m) | Required teams and resources available
M-SNT-01,S&T,C101,2026-09-01,FALLBACK_SLOT_4,12:00-13:30,12:00,13:30,90,CONFLICT REJECTED,"COA Availability Check Failed: Corridor C101 is not open during 12:00-13:30 (COA available: 13:00-16:00) | Goods Forecast Conflict: Intersects Goods Train G201 (Freight, 12:00-12:30, prob=95%) on corridor C101 | Safety Hard Constraint: Safety-critical task cannot proceed during active train pathing","Goods Train G201 (Freight, 12:00-12:30, prob=95%)",No passenger train conflict | No conflict with existing approved blocks | Duration satisfied (90m >= 90m) | Required teams and resources available
M-SNT-01,S&T,C101,2026-09-01,FALLBACK_SLOT_5,12:30-14:00,12:30,14:00,90,CONFLICT REJECTED,COA Availability Check Failed: Corridor C101 is not open during 12:30-14:00 (COA available: 13:00-16:00),None,No passenger train conflict | No goods train conflict (forecast clear) | No conflict with existing approved blocks | Duration satisfied (90m >= 90m) | Required teams and resources available | Safety constraints satisfied
M-SNT-01,S&T,C101,2026-09-01,FALLBACK_SLOT_6,13:00-14:30,13:00,14:30,90,FEASIBLE,None,None,Corridor available in COA | No passenger train conflict | No goods train conflict (forecast clear) | No conflict with existing approved blocks | Duration satisfied (90m >= 90m) | Required teams and resources available | Safety constraints satisfied
M-TRC-01,Traction,C101,2026-09-01,REQUESTED_WINDOW,11:00-13:00,11:00,13:00,120,CONFLICT REJECTED,"COA Availability Check Failed: Corridor C101 is not open during 11:00-13:00 (COA available: 13:00-16:00) | Goods Forecast Conflict: Intersects Goods Train G201 (Freight, 12:00-12:30, prob=95%) on corridor C101 | Safety Hard Constraint: Safety-critical task cannot proceed during active train pathing","Goods Train G201 (Freight, 12:00-12:30, prob=95%)",No passenger train conflict | No conflict with existing approved blocks | Duration satisfied (120m >= 120m) | Required teams and resources available
M-TRC-01,Traction,C101,2026-09-01,FALLBACK_SLOT_1,11:30-13:30,11:30,13:30,120,CONFLICT REJECTED,"COA Availability Check Failed: Corridor C101 is not open during 11:30-13:30 (COA available: 13:00-16:00) | Goods Forecast Conflict: Intersects Goods Train G201 (Freight, 12:00-12:30, prob=95%) on corridor C101 | Safety Hard Constraint: Safety-critical task cannot proceed during active train pathing","Goods Train G201 (Freight, 12:00-12:30, prob=95%)",No passenger train conflict | No conflict with existing approved blocks | Duration satisfied (120m >= 120m) | Required teams and resources available
M-TRC-01,Traction,C101,2026-09-01,FALLBACK_SLOT_2,12:00-14:00,12:00,14:00,120,CONFLICT REJECTED,"COA Availability Check Failed: Corridor C101 is not open during 12:00-14:00 (COA available: 13:00-16:00) | Goods Forecast Conflict: Intersects Goods Train G201 (Freight, 12:00-12:30, prob=95%) on corridor C101 | Safety Hard Constraint: Safety-critical task cannot proceed during active train pathing","Goods Train G201 (Freight, 12:00-12:30, prob=95%)",No passenger train conflict | No conflict with existing approved blocks | Duration satisfied (120m >= 120m) | Required teams and resources available
M-TRC-01,Traction,C101,2026-09-01,FALLBACK_SLOT_3,12:30-14:30,12:30,14:30,120,CONFLICT REJECTED,COA Availability Check Failed: Corridor C101 is not open during 12:30-14:30 (COA available: 13:00-16:00),None,No passenger train conflict | No goods train conflict (forecast clear) | No conflict with existing approved blocks | Duration satisfied (120m >= 120m) | Required teams and resources available | Safety constraints satisfied
M-TRC-01,Traction,C101,2026-09-01,FALLBACK_SLOT_4,13:00-15:00,13:00,15:00,120,FEASIBLE,None,None,Corridor available in COA | No passenger train conflict | No goods train conflict (forecast clear) | No conflict with existing approved blocks | Duration satisfied (120m >= 120m) | Required teams and resources available | Safety constraints satisfied
